sample,g0,g1,g2,g3,g4,g5,neg_g0,x1,x2
1,10.22138207839348,10.167185193196735,8.742172461235462,8.659102103615801,8.46951224059434,8.360779447703882,-10.22138207839348,0.051754213075475966,1.4125411346386119
2,10.096290893504932,10.048537139306996,8.668389652787672,8.667307961746632,8.491447822805634,8.32705707998801,-10.096290893504932,0.04560147619078142,1.3635452442432134
3,10.209844781641122,10.169389355702265,8.686465948222656,8.639319630040461,8.471503743698694,8.34855325744188,-10.209844781641122,0.03863208607834323,1.454719629240683
4,10.235371080325422,10.174694095403819,8.823041638668515,8.803828282193292,8.490213478668121,8.38993704872727,-10.235371080325422,0.057942252493113,1.3486752714834795
5,10.050835460223723,9.983237009792596,8.746768798884142,8.700620847230551,8.53811619486459,8.383326928247085,-10.050835460223723,0.06455176518879827,1.2452919316412339
6,9.926691412163244,9.861677079078234,8.632849742405668,8.611787941815825,8.44563256353944,8.277376195498366,-9.926691412163244,0.06208411489381369,1.2355277839211392
7,10.129664869705898,10.065280276841689,8.80011680827611,8.708704024274018,8.448266922831202,8.381136326815849,-10.129664869705898,0.06148275727978889,1.2696248763287863
8,10.126391319184007,10.057496082692692,8.712533262281072,8.63965426936911,8.477411907308998,8.298490281746211,-10.126391319184007,0.06579010465846737,1.3501349915184262
9,10.078818592676244,9.980891568422372,8.759982206335938,8.666784390842698,8.473621476540952,8.344850937255792,-10.078818592676244,0.09351341983370202,1.2593959800930743
10,10.218381755165705,10.15658390543814,8.80554273461244,8.798499192268347,8.5679176309822,8.364784250308766,-10.218381755165705,0.05901259953955272,1.349161883484985
11,10.000996306113743,9.936839509088713,8.654049292618762,8.622926435036113,8.474581093131352,8.306107368673578,-10.000996306113743,0.061265228276861226,1.2862396516835528
12,10.135062352405564,10.027603186041809,8.719870981882131,8.630076206371951,8.435051009844374,8.311031608153941,-10.135062352405564,0.10261594504395583,1.3514082122387896
13,9.98182493696493,9.87038958950068,8.750979292108708,8.662749566301109,8.423973230673475,8.310983537901263,-9.98182493696493,0.10641291830458932,1.1753710113719955
14,10.014626836772347,9.910589420362225,8.856851709511142,8.715266597342945,8.42436585575628,8.32948169357907,-10.014626836772347,0.09934841452908501,1.105593806954814
15,10.012898441032307,9.914421452414174,8.781982508003995,8.663905156332843,8.419788961847702,8.34260102202586,-10.012898441032307,0.09403859711628101,1.1754381316321694
16,10.269529398325993,10.204550141985182,8.744542505981704,8.673965969038498,8.441944536321085,8.324242417485431,-10.269529398325993,0.062050619070452645,1.4562552124016501
17,10.182921548162973,10.107398460355345,8.659854302316491,8.62915379745819,8.491370332588803,8.263031781370385,-10.182921548162973,0.07211923645288376,1.4544220850269596
18,10.18750261216694,10.116008020368481,8.770291786764924,8.713995584334146,8.445181642564213,8.331647590945193,-10.18750261216694,0.06827230613437182,1.3533366495964552
19,10.277970886078679,10.216451852803004,8.860649730764846,8.813553218139624,8.510009995044598,8.387376769680309,-10.277970886078679,0.05874634944035017,1.3534420069014739
20,10.299996211922561,10.224664474018585,8.785544937901525,8.706251121203573,8.520103439384318,8.368221904559434,-10.299996211922561,0.07193651075472564,1.4461944379935985
21,10.151391911171707,10.055888039842523,8.812294965961796,8.706079932079726,8.496702770581518,8.381304511502739,-10.151391911171707,0.09119947923871166,1.2787433886564863
22,10.172453491021546,10.07258051693612,8.717707704962,8.644738463160367,8.39150577344335,8.282236600285502,-10.172453491021546,0.09537166504190508,1.389179896760889
23,10.15881348271918,10.090761250633788,8.77079825209362,8.675374544526377,8.477292825427636,8.360348879606462,-10.15881348271918,0.06498509474896255,1.3254569102453706
24,10.13883820539883,10.049405782886245,8.8181029172532,8.748422733846029,8.430519281619377,8.315287448512832,-10.13883820539883,0.08540167269336514,1.2612092977456553
25,10.28919785650938,10.206240901799957,8.777932995001658,8.65496408650735,8.48106242729037,8.33798184283278,-10.28919785650938,0.07921805643513168,1.443151638180256
26,10.439904703647532,10.4002372300935,8.812501082930726,8.77810980573345,8.562905264290036,8.470491963466522,-10.439904703647532,0.03787964697654661,1.5540559838563655
27,10.137158976304713,10.044783362539771,8.89762074360335,8.773259822173733,8.516147580720466,8.412232161015229,-10.137158976304713,0.08821221331102913,1.1836718213148842
28,10.087928574076884,9.994345335877249,8.82051176229645,8.69452723346836,8.506269817728091,8.372191180450365,-10.087928574076884,0.08936540970010905,1.2102939033157583
29,10.079330485274907,10.022675917445715,8.685883028412348,8.664425182307328,8.45609310487777,8.319283828158602,-10.079330485274907,0.054101127112505525,1.3306443041910407
30,10.289073860266761,10.247236676709939,8.725157623990947,8.673264987075667,8.515827976874839,8.403953210757994,-10.289073860266761,0.039951567408667406,1.4934299975098098
31,10.209316317741038,10.155023361831205,8.694215845530485,8.670304844367871,8.487010580074886,8.323110934620013,-10.209316317741038,0.0518459538487218,1.4468143765990464
32,10.17871014949083,10.104524950728159,8.746433452206412,8.692949529059943,8.451118109219413,8.280763668283056,-10.17871014949083,0.07084164652400239,1.367723497488895
33,10.129646238567405,10.048738891611867,8.854840686748368,8.748120543635368,8.55859206770483,8.459339680200795,-10.129646238567405,0.07726082520254922,1.2173496303179467
34,10.171186849902494,10.094656740787299,8.702481720374301,8.643006874826831,8.409027928588712,8.250807354253984,-10.171186849902494,0.07308087096627248,1.4025100878530055
35,10.342702448681885,10.311755355677674,8.734099175104008,8.701302540990458,8.415655562240088,8.289184874541608,-10.342702448681885,0.029552296955669455,1.5361029747823416
36,10.102905038199129,10.017961739071408,8.70759103312656,8.606724925802007,8.400842636498213,8.214658974538372,-10.102905038199129,0.08111487563226148,1.3324267264358955
37,10.259920923846325,10.169838510440707,8.749034072425086,8.716134768975493,8.495844265459441,8.312859305240378,-10.259920923846325,0.08602236827491029,1.442790665137441
38,10.007276208751515,9.92747474626896,8.774079233602507,8.706186835672552,8.419218663399226,8.271169303534846,-10.007276208751515,0.07620478332036651,1.1776163664056272
39,10.173757874977973,10.096278741378704,8.687893399837959,8.617107876966008,8.441623652055277,8.330487233563824,-10.173757874977973,0.07398712259280592,1.418896055899067
40,10.26345642969699,10.19595480718762,8.846669997973121,8.753897316490203,8.516882012369786,8.365518875886337,-10.26345642969699,0.06445930133453659,1.352931383486291
41,10.075481930488245,9.966246603981192,8.767374028631098,8.65259304189738,8.44822010778789,8.283857901397642,-10.075481930488245,0.10431205304312725,1.2491510320687969
42,9.958891778647017,9.84825747210946,8.761524473641309,8.605881321025633,8.430648162766637,8.348166622840195,-9.958891778647017,0.10564798056597735,1.143401551729677
43,10.352773335349555,10.318662785195816,8.848997089556962,8.762277230862187,8.520478681390566,8.454133521266197,-10.352773335349555,0.03257317601130995,1.4360005369323856
44,10.193699923749328,10.109167562412344,8.775232675710383,8.751868654833103,8.521808660142948,8.378464535130323,-10.193699923749328,0.08072245894806791,1.3545364448361346
45,9.979024620866948,9.859557320051225,8.781466827244724,8.634007961028807,8.448068581025202,8.301664089629435,-9.979024620866948,0.11408286877601219,1.1435834549592045
46,9.98946252165792,9.897119704387048,8.690079112732793,8.556806318218817,8.40363345326206,8.249493783755165,-9.98946252165792,0.08818089496614534,1.2408197550121896
47,10.077180303362947,10.017900102128348,8.79004709760943,8.676750715258514,8.429070927201666,8.395537817766686,-10.077180303362947,0.05660842232381308,1.2291216726803398
48,10.25550214416468,10.181438763281106,8.820735677642363,8.734555907362866,8.516659705882713,8.407749255745786,-10.25550214416468,0.07072531901831175,1.370101051977115
49,10.06285393985071,9.990045276376247,8.726751246671723,8.683201727869589,8.473276617322277,8.313582659323318,-10.06285393985071,0.06952715215125083,1.2758840885869782
50,10.035943743707772,9.945862535637922,8.777670643206756,8.681620313545952,8.452104704579787,8.313569291195536,-10.035943743707772,0.08602121726403768,1.2015623022258117
51,10.290802555442712,10.225748898354446,8.680651959245244,8.614804477040844,8.419224321918351,8.33289267913436,-10.290802555442712,0.0621216665508153,1.5375805590431355
52,10.09666229082776,10.080197602947786,8.727132331790758,8.699693925619439,8.514907964894402,8.365103185210787,-10.09666229082776,0.015722618775378817,1.3078047761590794
53,10.142468209888047,10.056219477742395,8.825977045351381,8.746241460978426,8.486165168410198,8.380895905652968,-10.142468209888047,0.0823614723383362,1.2571564582368968
54,10.108228907109465,10.010735801151581,8.789769150146874,8.698198477916554,8.407828608863111,8.22465265877104,-10.108228907109465,0.09309905838347518,1.259036325530012
55,10.414592982974384,10.363451659725284,8.802660627474863,8.777438500663662,8.589831550537705,8.45025816823393,-10.414592982974384,0.04883636634812823,1.5392820138450662
56,10.189620357032856,10.062662530395606,8.732846382513385,8.598891459316404,8.4605330653788,8.34268445008387,-10.189620357032856,0.1212357940411336,1.3911166740744039
57,10.11412121493861,10.02575200113682,8.848804616107303,8.73957825162884,8.414409685527804,8.323246433337312,-10.11412121493861,0.08438638316219713,1.208288347681363
58,10.33553876862861,10.240809341463075,8.904550706821183,8.799518236321585,8.492863587533854,8.408885164182886,-10.33553876862861,0.09045993953795056,1.366492941252855
59,10.140171706383986,10.069209423377979,8.763708347405656,8.736190248676438,8.474223481542701,8.337123492225809,-10.140171706383986,0.06776398868095278,1.3144256853976521
60,9.953904882263842,9.845389390360227,8.632731902276653,8.519428239749704,8.322510093819174,8.154617042646155,-9.953904882263842,0.10362466163105355,1.261627262666465
61,9.997264333665552,9.926545178554502,8.71977095514815,8.608252000649466,8.412763471420252,8.29657587989307,-9.997264333665552,0.06753181864323626,1.2199163157492614
62,10.137682361595417,10.052816378238454,8.706181802430118,8.62636887915766,8.436007749029907,8.290341162110643,-10.137682361595417,0.08104104450969082,1.366982340179817
63,10.189297777845661,10.134077471185178,8.78673139423872,8.728660477845661,8.461295386624565,8.348027349363411,-10.189297777845661,0.052731508584397985,1.3393522377934097
64,10.072948545544463,10.014145268736561,8.78395366718641,8.687937984885597,8.526401671046406,8.412779654177628,-10.072948545544463,0.05615299304387176,1.2308994390649235
65,10.326221853960336,10.25726747282987,8.771880288002665,8.711367767930714,8.507436294447055,8.35715417345376,-10.326221853960336,0.06584658362853668,1.4842868608521635
66,10.139427122574192,10.082828323850466,8.703143051649441,8.646970511957463,8.456284715984385,8.293147592492804,-10.139427122574192,0.0540478715396659,1.371550257430947
67,10.013573899662212,9.946247122604856,8.658541041573375,8.598190877529317,8.407356730353676,8.28346550505087,-10.013573899662212,0.06429233622674596,1.2939610645006627
68,10.170071782845,10.10497513307512,8.689181431957941,8.625594369169347,8.455035613347881,8.34077687463112,-10.170071782845,0.06216272153758907,1.4141461171246004
69,10.125008494035454,10.052595300188054,8.765313607339378,8.681905331293134,8.47553482818732,8.34643196602675,-10.125008494035454,0.06914950647531154,1.2984129738867303
70,10.076666980580331,9.964915280442234,8.748403141698184,8.605733002518916,8.407458903298009,8.295185533232708,-10.076666980580331,0.10671501285540806,1.2683985341298638
71,10.00375784744886,9.953837143908345,8.690327571285097,8.602349903376394,8.414387910174602,8.370096840029996,-10.00375784744886,0.047670760386588185,1.2542335251480958
72,10.225825115215764,10.19486931229463,8.774270629585205,8.702972130486094,8.455494569457073,8.355134938409869,-10.225825115215764,0.029560614313662564,1.3861324293319026
73,10.178461262355373,10.128126322745432,8.714765338989658,8.663790295705082,8.46201585786856,8.368408717312775,-10.178461262355373,0.048066326694925166,1.3977266483226582
74,10.17740665751729,10.047724604069732,8.86562331197887,8.783256412182991,8.556843789261178,8.412479802995176,-10.17740665751729,0.12383723901891756,1.2526608222483793
75,10.123250840726556,10.045516820770832,8.766806768706935,8.65411474760838,8.4600562241093,8.408212632642787,-10.123250840726556,0.07423052113414479,1.2953086745377287
76,10.171613854728387,10.108736836894897,8.667336044781942,8.597277278364116,8.426151650095838,8.317625321603309,-10.171613854728387,0.0600431291704628,1.4364794954185636
77,10.379508216363739,10.3018122523775,8.722423984076668,8.643538649721089,8.452152817729582,8.28525750779145,-10.379508216363739,0.0741941803601986,1.582398880128755
78,10.258319109132938,10.190506055152431,8.768520196418732,8.686514840049183,8.423327407242777,8.344354285410775,-10.258319109132938,0.06475669648293074,1.422653167028381
79,10.104920593674986,10.033836333414174,8.70759954097223,8.655121246160075,8.448525577411406,8.244662438085637,-10.104920593674986,0.06788046837923485,1.3343433157440863
80,10.194270085195946,10.146045202942586,8.643634259520619,8.62766249675446,8.462401062136545,8.286448910297338,-10.194270085195946,0.04605137034388073,1.4807481395496649
81,10.097003283933917,10.045630436655413,8.668347457142495,8.591107856379388,8.52156915023846,8.389716503781827,-10.097003283933917,0.0490574555104736,1.3642658208653606
82,10.085479882466629,10.018439383375162,8.761244379215842,8.682363724948786,8.474029175287614,8.322686260172905,-10.085479882466629,0.0640189609065284,1.264551756960878
83,10.187070513635582,10.066997609220996,8.810714864798003,8.602911145166761,8.420157370320313,8.37306460675794,-10.187070513635582,0.11466117761389241,1.3143228297897218
84,10.142044496035473,10.048871486926284,8.728050339460363,8.610099836392768,8.461939486908555,8.29998535475127,-10.142044496035473,0.088973669774841,1.350264957131904
85,10.122492415329168,10.006562459454827,8.734220269729132,8.57214508953336,8.469972132125228,8.336330184852457,-10.122492415329168,0.11070495317896004,1.3257022459742227
86,10.138787625775727,10.047939881656065,8.756848361227476,8.603549347104675,8.49025415602518,8.407999749076996,-10.138787625775727,0.08675320527235125,1.3196547900337954
87,10.186086662446208,10.12149407145753,8.696789247315662,8.619273299660623,8.431561236448603,8.284297183606766,-10.186086662446208,0.06168138085776648,1.422174272112053
88,10.214444780219518,10.121985739362046,8.835730653575736,8.721908416205645,8.493396532231271,8.406625412101493,-10.214444780219518,0.08829188031601301,1.3165750101959
89,10.1208422987739,10.062043337729902,8.730765371351582,8.667343057507066,8.38715511493006,8.273905273962983,-10.1208422987739,0.05614887179292007,1.3274256856635338
90,9.903940325457423,9.778699731015363,8.695651145440925,8.601631868123807,8.49528895678035,8.364966310062389,-9.903940325457423,0.11959595808732704,1.153831174104472
91,10.104713835091262,10.016153509755622,8.767053534745981,8.669518759366548,8.401837504691878,8.307603435253762,-10.104713835091262,0.0845688812339615,1.2773714938664447
92,10.049293284606245,9.947595415058727,8.77083921611746,8.655578628677135,8.399951321759419,8.27502274017711,-10.049293284606245,0.09711431184241347,1.2208337070956072
93,10.22411208479725,10.166961710719866,8.777935658552265,8.699898776530208,8.495937102722586,8.442967008947438,-10.22411208479725,0.05457458720379969,1.3809967609191673
94,10.071271505284589,9.95458887204184,8.771125468977276,8.632077865321493,8.411903856098421,8.32478112898577,-10.071271505284589,0.11142370712137228,1.2415480105178616
95,10.15616996251977,10.067667557147516,8.823196066783467,8.760757693397933,8.475946943919865,8.363880007584212,-10.15616996251977,0.08451357174310253,1.2728963071133608
96,10.320787525878465,10.207621862878204,8.909723558906094,8.809181072277804,8.51090427019943,8.376016849032112,-10.320787525878465,0.10806524792857918,1.3474668321750707
97,10.185032163922411,10.124825932437851,8.77881511598092,8.730117876432447,8.50359330201865,8.411455747273848,-10.185032163922411,0.05749271607421612,1.3428383654398859
98,10.093721289228759,9.99556193673401,8.819328657494252,8.728386433137633,8.579994458427407,8.451150605302526,-10.093721289228759,0.09373527696143427,1.2169553206826174
99,10.088410403106227,10.020018230006274,8.721397730432958,8.67019064323903,8.481474908273427,8.339494488941684,-10.088410403106227,0.06530971450592471,1.3054009447512833
100,10.060813869131854,9.967259354634134,8.64673127033105,8.524318644530588,8.366929594169617,8.220591994381335,-10.060813869131854,0.08933798058524726,1.3503494132362879
101,10.235557304968076,10.195329845387365,8.632779126688677,8.594879553884123,8.4614833259444,8.352859380389857,-10.235557304968076,0.038414394241797524,1.5305404185179365
102,9.99974164168475,9.903818368334443,8.761924047419607,8.66901061770466,8.50932358233919,8.312357199311533,-9.99974164168475,0.09159997866753841,1.1820287326404941
103,10.277122244515093,10.206382204654734,8.800148895087858,8.678907914211656,8.52323075849474,8.463577028802497,-10.277122244515093,0.06755176210976331,1.4104056562580256
104,10.194699410275675,10.137349934289098,8.761143468512756,8.700098747204507,8.48373583017047,8.339514032013856,-10.194699410275675,0.05476471552196179,1.3689450859819543
105,9.980319844393323,9.892218070965631,8.712273822123935,8.629878204056872,8.424075168037605,8.278537375481864,-9.980319844393323,0.08413099641707593,1.2108947550731324
106,10.135920104973032,10.080333244473048,8.788781950020272,8.698514861484021,8.42252231324172,8.313315883696841,-10.135920104973032,0.05308154171719254,1.2864221783305636
107,10.180284672485136,10.129559593088235,8.703214000930434,8.674554034688398,8.420777281207897,8.347030349948401,-10.180284672485136,0.0484388827484743,1.410498592043978
108,10.156088051773407,10.049147084148531,8.737695342071259,8.648310974563163,8.420231218970176,8.229140001519148,-10.156088051773407,0.10212110169917621,1.354465265967628
109,10.098032663628063,10.021995035690326,8.730623782501139,8.693489409351779,8.497747317315158,8.299120135115725,-10.098032663628063,0.0726105860836393,1.3057792959546468
110,10.143503143747731,10.066827877094548,8.735302422977195,8.656518686309072,8.4599563507011,8.397178552285087,-10.143503143747731,0.07321948620445937,1.3447326334572036
111,10.150563741333421,10.068928163492897,8.740434104283523,8.657617628311186,8.416987767234614,8.286599288088636,-10.150563741333421,0.07795623447289575,1.3465746128212297
112,10.119441117002319,10.093484405768313,8.69874648173404,8.670825906703062,8.464143955430593,8.320629641171061,-10.119441117002319,0.024786833395805702,1.3566634429625044
113,10.14274211743399,10.074251639825853,8.743678303726531,8.673941404903134,8.421150318107612,8.300510942985595,-10.14274211743399,0.06540358839635843,1.3360075299152439
114,10.16361525193197,10.07414304656513,8.828146402976357,8.71503873856807,8.474415698281852,8.296027371900996,-10.16361525193197,0.08543966252079536,1.2752788119391782
115,10.35335687842231,10.28136683361133,8.707177582272232,8.606849965443907,8.401848460331186,8.2919125640954,-10.35335687842231,0.0687454289104482,1.5719854331869325
116,10.167253587283684,10.060078217931277,8.712366109784048,8.580193694008152,8.355758278910757,8.248490205358753,-10.167253587283684,0.10234493886081046,1.389315202119394
117,10.20924236105535,10.147298194528602,8.747375380760563,8.706386097860936,8.489408052805729,8.339878861666797,-10.20924236105535,0.05915232179063717,1.3959801363404274
118,10.287079246977589,10.212422305906662,8.760737133379111,8.66775249182622,8.495267304239983,8.354851705336573,-10.287079246977589,0.07129212724535024,1.4575493533711739
119,10.226036021544738,10.174847695344726,8.779473334953723,8.712099371550696,8.501607297375694,8.39770314120597,-10.226036021544738,0.04888125085999425,1.3813656123795135
120,10.150799943815825,10.090606810350941,8.74613181348145,8.65877224009533,8.501081574502935,8.40470162545279,-10.150799943815825,0.057480208386758394,1.3413592580781992
121,10.036707613315954,9.956025029131872,8.708345861681062,8.608752893923715,8.382670407724454,8.291218722126523,-10.036707613315954,0.07704619256594768,1.26849203392141
122,10.260852079583433,10.215410628552634,8.879250556330724,8.873666622891422,8.543572793835605,8.431231478213187,-10.260852079583433,0.043393389316919564,1.3193322708537645
123,9.874332877546454,9.792036825757627,8.75158791727567,8.68431658351322,8.437365644456309,8.293948209117291,-9.874332877546454,0.07858694063483053,1.0721424615516542
124,9.981801947523532,9.878499189758225,8.772530681790558,8.685252694339553,8.430818134325637,8.263399688647992,-9.981801947523532,0.0986468672002403,1.1547689968823749
125,10.209286216085706,10.15949386574489,8.747930687801498,8.647003254293738,8.417442912715977,8.34915913304595,-10.209286216085706,0.04754819210942569,1.3954917356465992
126,10.064052888077507,9.976776174109679,8.78918806405398,8.692749172275697,8.472595031243626,8.379384760586824,-10.064052888077507,0.08334312266878385,1.2174062311039422
127,10.138867748137693,10.027405558719604,8.743770642224233,8.606392217807159,8.423830225725336,8.349682083894907,-10.138867748137693,0.10643855048240466,1.3322196029959485
128,10.009862250428446,9.906302439191718,8.763422852023494,8.660719537397387,8.459231769350323,8.32894872215802,-10.009862250428446,0.0988923351839334,1.1902619491238187
129,10.194985297982841,10.095827375353693,8.776758174892912,8.671163605901581,8.484990221307468,8.363443989246472,-10.194985297982841,0.0946888411989158,1.3543071424005608
130,10.325254378565937,10.242909497757362,8.820870922535246,8.763098984591718,8.535308830457222,8.400412241931871,-10.325254378565937,0.07863356891398632,1.436580379997721
131,9.90977712107541,9.806011938140351,8.741176044755933,8.62392548273527,8.42289626062519,8.260438870940822,-9.90977712107541,0.0990884507096959,1.115931826792523
132,10.069611612717152,9.917699322821804,8.799375971356817,8.630969431161304,8.480091414639842,8.351404006445144,-10.069611612717152,0.1450655511195217,1.212985687284008
133,10.19142395910444,10.13690479603988,8.720744650979757,8.641284606463408,8.439892700911606,8.350034353065698,-10.19142395910444,0.052061965769746914,1.404395289546072
134,9.984659988274554,9.928396281051826,8.673406453581242,8.604686702949504,8.370443653923726,8.250444787508375,-9.984659988274554,0.0537278827270339,1.2521548901589645
135,10.053222193202181,9.962945388631745,8.785176086664395,8.745032081160737,8.51899238232008,8.335003192754431,-10.053222193202181,0.08620799816355568,1.2108948355435252
136,10.28717952374365,10.229750200000781,8.824506946839922,8.776538884284788,8.499251746595446,8.432276866769708,-10.28717952374365,0.05484096451261316,1.3967494244351324
137,10.102804784052147,10.042684991080183,8.808486627125912,8.718488355695767,8.44846466399236,8.30411352369264,-10.102804784052147,0.057410173374896664,1.2359827956504101
138,10.085708588754677,10.000090556927262,8.721513824679283,8.628439404465,8.4332370090316,8.301998178215472,-10.085708588754677,0.08175919789879445,1.3027100402560858
139,10.049681538616166,9.955280828876012,8.775229351060231,8.665580230470658,8.379237907633375,8.240246666078772,-10.049681538616166,0.0901460375191733,1.2170121923028385
140,10.097604597016327,10.00149963943724,8.89545338207403,8.770662473061773,8.502024294233788,8.393878421322015,-10.097604597016327,0.09177347432609131,1.1479698492119652
141,10.202050171436428,10.159178529040041,8.710815257003757,8.654937077931137,8.437224979090528,8.241737967278716,-10.202050171436428,0.04093940283511801,1.4240244476590744
142,10.115299378468059,10.02205844791987,8.882909393290007,8.769363741142868,8.547011650638202,8.465592545526501,-10.115299378468059,0.08903852997139468,1.176845747748208
143,9.978267568812056,9.888696344331231,8.79745469152833,8.690165497532258,8.438468203904108,8.324931636578462,-9.978267568812056,0.08553421880950197,1.1275932377176117
144,10.076219408516772,9.996285741805647,8.704928462706352,8.596658520392321,8.481139228994055,8.36051096820368,-10.076219408516772,0.07633102905921463,1.3094863946573327
145,10.334486906150191,10.24122679473243,8.811385298837992,8.685793001424294,8.489077210022174,8.393402382929027,-10.334486906150191,0.08905684635262555,1.4544548978096843
146,10.03551026993927,9.97346693399712,8.71784565870999,8.65020304324058,8.473642981117253,8.324329707061429,-10.03551026993927,0.0592470216066251,1.2582770172864022
147,10.229166381728412,10.160382892234717,8.764834782000237,8.709463031254549,8.494949404915749,8.334667391213157,-10.229166381728412,0.06568339413618622,1.39833367453441
148,10.216476141247133,10.168686469000122,8.725571145502542,8.700586850752787,8.458745059250347,8.298990783764147,-10.216476141247133,0.045635775401120855,1.4237093985189173
149,10.285204960690873,10.224729319423622,8.821648067193472,8.7385323311933,8.516571404883434,8.364635238106242,-10.285204960690873,0.05774998346601139,1.3975938845779798
150,10.337390237743078,10.269765206957816,8.758159432080276,8.718819065673735,8.537540107544595,8.414504352029402,-10.337390237743078,0.06457714755729621,1.508054334025387
151,10.276256952154847,10.229150953543334,8.747560449166228,8.721582713854554,8.531727161277256,8.361577109710252,-10.276256952154847,0.04498291516981414,1.459797629627599
152,10.26732973449529,10.221838188129425,8.73331376323145,8.691292404303292,8.465368152395035,8.342570668869522,-10.26732973449529,0.04344122683812911,1.4648773476513293
153,10.17290769235276,10.090660208498445,8.743569883995226,8.6057415138578,8.376925595148274,8.28304081543745,-10.17290769235276,0.07854056167371094,1.3649170652894265
154,10.221125904184188,10.165871008262561,8.785368766254907,8.752236388279908,8.511749125819168,8.397264638167588,-10.221125904184188,0.052764538895730254,1.3710470734855036
155,10.155299661143655,10.082318345940427,8.824894107636158,8.750311723212446,8.441143650203589,8.368182227047845,-10.155299661143655,0.06969202240764807,1.2704437209457629
156,10.084814872651403,10.009392370868742,8.679324765172895,8.621723420483054,8.444715148998345,8.30829501629942,-10.084814872651403,0.072023183874407,1.342144188431783
157,10.043716062930805,9.951148383155518,8.775610448769433,8.662729802223787,8.410476245102172,8.30101404116842,-10.043716062930805,0.088395622840708,1.2109516611381976
158,10.250450178314582,10.176013279886533,8.810236696741974,8.811536547004154,8.524446940586039,8.314276073872353,-10.250450178314582,0.07108200199951979,1.3753025681992128
159,9.985126775482316,9.905558554729142,8.728316089668462,8.657725493285916,8.392804932840871,8.262109884007383,-9.985126775482316,0.07598205387536869,1.2001657990679389
160,10.021633701223232,9.955120672780831,8.804304602016238,8.698055740292613,8.526610947455428,8.428544004906444,-10.021633701223232,0.0635152635397196,1.162463661050384
161,9.977377925114089,9.876642512218085,8.783011908509424,8.643242039006124,8.433817710939344,8.35410427973289,-9.977377925114089,0.09619523344081243,1.1405355324216548
162,10.071937884221354,9.968671149674682,8.744147237570202,8.688957311737036,8.452353363924741,8.330495842072711,-10.071937884221354,0.09861246756036868,1.2679466688342904
163,10.048232671248867,10.00370492132163,8.777074411643301,8.66887684333977,8.44406528368863,8.362598923718448,-10.048232671248867,0.04252086903407748,1.2138667228098987
164,9.990547659222955,9.892559794404118,8.754494802376886,8.64836736455214,8.408403539343059,8.290273103682514,-9.990547659222955,0.09357151829362984,1.1803435325394642
165,10.20664186326208,10.15420167234071,8.699554276765546,8.64612914304802,8.474215568536456,8.363636627227795,-10.20664186326208,0.0500766936109127,1.439162634380146
166,10.071211015527668,10.00736740503024,8.77126400972451,8.694315401950806,8.42989724606397,8.316627390950472,-10.071211015527668,0.060966157172994896,1.2413579503864884
167,10.214841451579609,10.121045770698545,8.817893033130133,8.697424055147726,8.461538411887082,8.374561318684426,-10.214841451579609,0.08956827751734751,1.3339874762438373
168,9.998973438595183,9.886756414998434,8.717130227575934,8.605623392361798,8.407104579487568,8.275427554666042,-9.998973438595183,0.10715936402689458,1.2240700998150054
169,10.194635498703294,10.104869011972767,8.798094810136023,8.707467976120704,8.482430048474825,8.324981160613264,-10.194635498703294,0.08572068052293842,1.3335981228866418
170,10.095387097357024,9.94811442949122,8.765986607057616,8.600390105166356,8.403724756988895,8.222831160741354,-10.095387097357024,0.14063503843904232,1.26948395627964
171,10.274216946715658,10.23182188208789,8.836134237035369,8.82087059177678,8.464179889377245,8.358397979011013,-10.274216946715658,0.04048430458925698,1.3732678309236306
172,10.04543005604439,9.956865265581204,8.737705372290476,8.6384120363341,8.395743323719161,8.310483456041315,-10.04543005604439,0.08457314511668433,1.2487850857363263
173,10.064643788573287,9.971470676230002,8.711459924196705,8.63573299206551,8.461482821347305,8.307749507775087,-10.064643788573287,0.08897376835614183,1.2921954055663558
174,10.167251179569753,10.076920558341344,8.719294298701334,8.594400871958586,8.406878574601107,8.30564403428611,-10.167251179569753,0.08625938928637789,1.3826969698447895
175,10.103912616202164,9.999451528565507,8.757976541108624,8.690880477485397,8.503426785699393,8.335026666227796,-10.103912616202164,0.09975299074877841,1.2852742766210483
176,9.899878578014082,9.791959995526437,8.667360916011395,8.578630474708167,8.379870044466195,8.267275551229265,-9.899878578014082,0.1030546551262753,1.1769676701347611
177,10.21880701293958,10.170476247989336,8.704091974965074,8.684545942799184,8.427526492567475,8.270268361403705,-10.21880701293958,0.04615248087146272,1.4464463140156236
178,10.241603086408318,10.195060042668779,8.739678558615852,8.74494877159074,8.470187221772811,8.322000592099597,-10.241603086408318,0.04444533286614028,1.4342322764947906
179,10.037087168487316,9.946876909331364,8.76799842765183,8.672510042909977,8.41165922489545,8.25823532992148,-10.037087168487316,0.0861444519736246,1.2118904779574207
180,10.38752070380531,10.263074256601564,8.831844080409981,8.732570570578313,8.494589278893876,8.384699033591206,-10.38752070380531,0.11883760333620354,1.4855617467952522
181,10.180271653884207,10.073213268282952,8.932467301358924,8.75983431414614,8.439785886867734,8.385822483810536,-10.180271653884207,0.10223322760726694,1.1915653842958835
182,10.198067129878748,10.108320729991897,8.763867957479228,8.628462369172567,8.447189550320216,8.362912213750022,-10.198067129878748,0.08570149900016516,1.3695593259941339
183,10.197477837048238,10.120461247862515,8.746304731896831,8.65127399865308,8.506214744887265,8.33874546430879,-10.197477837048238,0.0735454252139136,1.3857682378011669
184,10.160973479468588,10.076854889952696,8.733108546021915,8.639395816901514,8.455751492358164,8.317076353534313,-10.160973479468588,0.080327335964234,1.3635105733537085
185,10.31939938930167,10.281160715566864,8.725632392259017,8.698109519161976,8.539205294243644,8.485794905679736,-10.31939938930167,0.036515243653035975,1.5219353742963866
186,10.421858128565965,10.358604942108425,8.765145835001675,8.698715329407747,8.467040234471204,8.367716111863453,-10.421858128565965,0.06040234374618544,1.5820437048112077
187,10.25549629597712,10.167277784962355,8.72587268093575,8.610499430254428,8.484354724219143,8.346647601294428,-10.25549629597712,0.08424247260123922,1.4606829564235706
188,10.14190381806656,10.014637969410972,8.757868265966087,8.676499343329342,8.504584991117381,8.344837774320935,-10.14190381806656,0.12152993340193123,1.321656597190264
189,10.176471981493371,10.073270863682614,8.700323153943739,8.566975757321561,8.457405638325437,8.296890295327177,-10.176471981493371,0.09854980819314613,1.4096182958629788
190,10.006470314832669,9.934368846308601,8.688316287209991,8.611619256957262,8.411188725231563,8.239804079154995,-10.006470314832669,0.06885183071874029,1.258744375515839
191,10.04436187517362,9.96081397220647,8.774770424074985,8.684391012459754,8.439021405298725,8.292406255261412,-10.04436187517362,0.07978237045310306,1.2123705308973596
192,10.180658168505156,10.133355455535728,8.623155322465301,8.58494373385413,8.43500843605008,8.322654297319788,-10.180658168505156,0.04517076354444913,1.4873056609616284
193,9.940613569437229,9.853721033327716,8.697833479287478,8.605532626186315,8.433059323368326,8.306043226433506,-9.940613569437229,0.08297625983771999,1.1867675671411446
194,10.038782251633794,9.972952598814489,8.777516659038476,8.72889412034484,8.532123826811397,8.36625425425067,-10.038782251633794,0.06286268788929447,1.2044199216796414
195,10.062671896272285,9.997301027774363,8.784385068867016,8.728277899187205,8.481413990765528,8.377108398358294,-10.062671896272285,0.062424581133927466,1.2206740036248303
196,10.056511958232875,9.926293431078149,8.770084977896655,8.636730120711487,8.445352639057704,8.275771381711568,-10.056511958232875,0.12434953367292531,1.228447277083739
197,10.143672188624079,10.061852904167624,8.754867843109253,8.67178167397861,8.440769510298493,8.345693203040739,-10.143672188624079,0.07813166136891944,1.3262104594571344
198,9.917766374155647,9.828911709545004,8.76066327801453,8.650773796652292,8.34527662812071,8.271475173984324,-9.917766374155647,0.08484995453733837,1.1049520645067727
199,10.214149458922243,10.16497661064195,8.860934394290004,8.816769913255333,8.515524603824721,8.394182990894414,-10.214149458922243,0.0469566112182983,1.2922251996158374
200,10.009841644461376,9.926396840348486,8.699320914755091,8.690624221779338,8.412393822914494,8.196862477363902,-10.009841644461376,0.0796839182994083,1.2514551129429177
201,10.166031840378926,10.087956164390922,8.69590358648575,8.652496507880693,8.443452622098716,8.283910846620243,-10.166031840378926,0.07455677861239171,1.403869071516935
202,10.15308300546038,10.104203007927401,8.768839669105015,8.717645757379294,8.479087657073086,8.339116912287961,-10.15308300546038,0.04667695935415891,1.3218550165378402
203,10.19666279460824,10.123408920698656,8.776622829955048,8.720519738105148,8.524024332549184,8.372344455369554,-10.19666279460824,0.06995229680004435,1.3560382785755751
204,10.081300562814445,10.053883191960567,8.693108833817279,8.619998955375552,8.403221810266368,8.268556574237484,-10.081300562814445,0.026181660587869283,1.3256254537751022
205,10.107755701595702,10.054769476834819,8.71133727084104,8.59677247898882,8.45604023589477,8.348885484516025,-10.107755701595702,0.050598117518835826,1.3334813752753911
206,10.065913965680904,9.99254226885455,8.687445263837404,8.639952676541757,8.417851418364519,8.219889680892717,-10.065913965680904,0.07006480939772568,1.3163406467751668
207,10.217636242115605,10.15656074469814,8.69923615368208,8.611111370981167,8.444044495717678,8.318066075296738,-10.217636242115605,0.058322803894714406,1.4499652779921992
208,10.077186017816064,9.998027927278402,8.693800379743896,8.624071141605006,8.477350409047204,8.341769330487265,-10.077186017816064,0.07559040836870846,1.3210359750091274
209,10.180142193617325,10.104512035147255,8.828573747214291,8.733777833893143,8.500560633804973,8.365610458399106,-10.180142193617325,0.07222148140400951,1.2906527950324576
210,10.112429093895052,9.983691640871022,8.811111968701406,8.654855105676033,8.357574164451348,8.244560772818609,-10.112429093895052,0.12293521205901022,1.242666318028222
211,10.072190594048395,10.011451570357908,8.627678379536771,8.562100137448047,8.40087193517812,8.267798278042472,-10.072190594048395,0.05800149515350109,1.3794075557768715
212,10.19956964876264,10.132835330487918,8.783723931650997,8.75512681781979,8.540609056001838,8.385323969196465,-10.19956964876264,0.06372657976373927,1.3520330672028444
213,10.12140892900097,10.031377939192108,8.894757588645724,8.824075530598792,8.454744467771267,8.305316296468815,-10.12140892900097,0.08597326235721783,1.1713657456070168
214,10.062691286630365,9.98106878153027,8.731004679887848,8.658940577427204,8.38338296946316,8.252899704252817,-10.062691286630365,0.07794375092534087,1.271667036674067
215,10.119983831234483,10.057479484839321,8.651327144516753,8.617538073497538,8.464205730067585,8.293946013303543,-10.119983831234483,0.05968725416110873,1.402463828376552
216,10.102027307632259,10.050788823736148,8.668366590585402,8.572161512858717,8.413372263104902,8.338235863009585,-10.102027307632259,0.04892914793160269,1.3690451390080705
217,10.030780216772667,9.924487703813535,8.795574924022604,8.675010881055728,8.48109714680159,8.369471987020544,-10.030780216772667,0.10150187310663195,1.1795341684466651
218,10.121778448466431,10.051376525807468,8.696359754865522,8.646614803715412,8.423605345524312,8.265390184979312,-10.121778448466431,0.06722888396608359,1.3611745863730587
219,10.09387201281754,10.047368263734429,8.72364446525239,8.680316403771169,8.442015126915102,8.28355428569089,-10.09387201281754,0.04440780923329434,1.3084709241340728
220,10.244095538935108,10.169632736872261,8.63086546785473,8.560420100626404,8.48179198642457,8.262508740693319,-10.244095538935108,0.07110673814865273,1.5405212409415916
221,10.275486183962855,10.171600851463765,8.761777568159262,8.648368241393687,8.436942752266463,8.286161604314852,-10.275486183962855,0.09920318509185139,1.4454852516355945
222,10.042521790728491,9.940067787051824,8.700489668591873,8.638167998528987,8.469507669542425,8.25114833570879,-10.042521790728491,0.09783636674818129,1.2815462761568945
223,10.22934110276475,10.115868391964423,8.786756361491026,8.666713823181425,8.536374652348316,8.436214157250047,-10.22934110276475,0.10835845697945469,1.377566954415936
224,10.22484487015414,10.180858929411857,8.775157984336927,8.693321974836252,8.43624173815371,8.34739012465305,-10.22484487015414,0.04200347937408952,1.3843490028798333
225,10.386524919377065,10.331572910340974,8.730031040655804,8.6755934713618,8.461382836359267,8.348898723866405,-10.386524919377065,0.05247530322554638,1.581835133999731
226,10.314035279486438,10.266793201510072,8.805473998414808,8.74006533823289,8.561583420982815,8.448432977667343,-10.314035279486438,0.04511286139122809,1.440569909037552
227,10.119252384059962,10.057853566749154,8.777581040275969,8.69350483002938,8.452944968562003,8.332989072816552,-10.119252384059962,0.05863155165006794,1.281201758207809
228,10.153357165382372,10.098839291040678,8.66587423260931,8.617255344978236,8.432714529920828,8.361492204929569,-10.153357165382372,0.052060735130061174,1.4204415690939738
229,10.159184465871826,10.06701129479678,8.776229324558383,8.721953411387073,8.52498595312134,8.375361176760155,-10.159184465871826,0.08801889478229127,1.320624880886311
230,10.201902206360678,10.142222953552574,8.801144397684586,8.709119919277892,8.516963626387925,8.480506705922702,-10.201902206360678,0.056989488506644016,1.3376251759522286
231,10.241042007124102,10.186939358743256,8.645805433049434,8.603309775139254,8.430432171212887,8.285999058182751,-10.241042007124102,0.05166422354504642,1.5233387169897836
232,10.115655919921414,10.029223607485783,8.74717127424619,8.658294640217354,8.447445445108317,8.3375578296599,-10.115655919921414,0.08253677860196303,1.306806575427437
233,10.169823513214302,10.120755666527383,8.723064786053378,8.635799209956959,8.435665415695523,8.315446654240597,-10.169823513214302,0.04685634208259041,1.381552817333999
234,10.251549532312955,10.195902095593567,8.791774783381221,8.721868289766181,8.466779114367762,8.386773522230069,-10.251549532312955,0.05313938774570447,1.3939822025592954
235,9.986037502451811,9.90432067258668,8.766340050286829,8.710587498594972,8.43186173992481,8.299750883725595,-9.986037502451811,0.0780338244410105,1.1647252715318854
236,10.04775662163859,9.97175553003573,8.740997693987866,8.677877625746232,8.426628139215358,8.289725400781887,-10.04775662163859,0.07257569645384912,1.2478628565904617
237,10.227219356341093,10.16347952511605,8.751781824041915,8.646065664493603,8.465093083001491,8.391977196967733,-10.227219356341093,0.06086705526785198,1.4089390589323334
238,10.214143918907872,10.148383868232132,8.755939457354714,8.647929703915516,8.463513669582786,8.300792341688524,-10.214143918907872,0.06279622273810541,1.3924826885690451
239,10.069686724219652,9.98774687526694,8.795781639293189,8.71058146814954,8.42862309863223,8.314569655454026,-10.069686724219652,0.07824679198216501,1.2164897477756842
240,10.414046973855282,10.380281952448374,8.784039139841392,8.760996796645328,8.474881301809953,8.439013192769616,-10.414046973855282,0.03224322036307764,1.5565428243709454
241,10.098134284032506,10.032156453574395,8.735982180462877,8.691609204571408,8.52552801789093,8.362955354990435,-10.098134284032506,0.06300418711132458,1.3007594431567793
242,10.036481771937497,9.927492315425443,8.754888500858687,8.669088668457043,8.457791280380382,8.325664366146471,-10.036481771937497,0.10407726449275549,1.223831424753024
243,10.123253371187054,10.050224685945787,8.771911882743687,8.706266957798093,8.483911143423828,8.349962885936282,-10.123253371187054,0.06973725746189886,1.2904360661455274
244,10.02475106673302,9.948094753996767,8.687772242460534,8.626042856717865,8.449376926725499,8.30089209540151,-10.02475106673302,0.073201386547037,1.276720732152939
245,10.196438461865585,10.10789402263614,8.788176511937877,8.664078833441048,8.488349071370703,8.406562627548352,-10.196438461865585,0.0845537111199962,1.3447911029953552
246,10.205412147692195,10.164650742419079,8.738974091107838,8.695213958619185,8.497487553145573,8.392549021103562,-10.205412147692195,0.03892427481953097,1.4003451926608375
247,10.284076478308348,10.205048951286111,8.781703026333876,8.679947532353706,8.510478270318698,8.35980061209865,-10.284076478308348,0.07546572939550446,1.4346609675106292
248,10.202977772697372,10.118202650946602,8.76154388048293,8.690014036480976,8.489371658536761,8.326460872430976,-10.202977772697372,0.08095427806711375,1.3764679745167112
249,9.972835553387643,9.848236361362078,8.79041609782402,8.685356326869293,8.458480039816878,8.279001309854998,-9.972835553387643,0.11898346389674974,1.1291274069658703
250,10.102632870879413,10.062667936037437,8.780473441634149,8.6918999747192,8.382954435317432,8.339748720182591,-10.102632870879413,0.0381637015826757,1.2625692523196572
251,10.03150245366969,9.966750937824749,8.766109120998847,8.688521297929103,8.398550843452758,8.315065244751283,-10.03150245366969,0.061833142916493465,1.2083616231005512
252,10.14459413407935,9.999012826984353,8.780379507938814,8.628816479955752,8.427348741351748,8.311207201601864,-10.14459413407935,0.13901990787568744,1.3027290071311692
253,10.173721823872544,10.112275438088371,8.682426084086208,8.612123555568216,8.4462546552348,8.283363196430775,-10.173721823872544,0.05867697619609594,1.4240825315932817
254,10.152697171576868,10.093252695988882,8.745969209117776,8.66661330486379,8.45072214586491,8.331692197646667,-10.152697171576868,0.05676529277600078,1.343326252865728
255,10.397560069858521,10.317693568316711,8.825932129403151,8.764161278447498,8.449521088094412,8.320401730596659,-10.397560069858521,0.0762668910470131,1.5007941325488425
256,10.16445363172379,10.07113904618207,8.747330082234587,8.667733045109825,8.47687620327831,8.356749734946364,-10.16445363172379,0.08910886530921695,1.3532533072388326
257,10.196458619361591,10.10330635045954,8.8190464532803,8.693981007336241,8.506097305990373,8.395215447800172,-10.196458619361591,0.08895386433592091,1.3153317294405125
258,10.029343760218683,9.94201379155176,8.720959566072706,8.64975704950073,8.489747749640461,8.323490450264279,-10.029343760218683,0.0833939771604069,1.2494148717698306
259,10.324905916602086,10.272914456978107,8.751002518031113,8.721731544267863,8.585833597426458,8.494450990105058,-10.324905916602086,0.049648186786313706,1.5029670349902233
260,10.037612829836135,9.96108690580636,8.716505940523783,8.659983841693125,8.497559922863882,8.350659105206416,-10.037612829836135,0.07307687450408179,1.2615641507209097
261,10.201305219191731,10.143472019540786,8.712015346336775,8.64718976250492,8.504554791205706,8.387062045894508,-10.201305219191731,0.05522663759561036,1.422167069769399
262,10.098498481950148,10.058189851842432,8.599923612771915,8.574893416169955,8.394966990407639,8.301929703849902,-10.098498481950148,0.03849190638543545,1.431033588138037
263,10.423105597417576,10.37016299327345,8.76918712204422,8.708794168719411,8.522379586539627,8.399087034285944,-10.423105597417576,0.05055646289817122,1.5793758049600843
264,10.22314292653775,10.162528689708349,8.757244584415892,8.693580240694802,8.476182131896318,8.411081145137622,-10.22314292653775,0.05788233247885246,1.399829803313449
265,10.18670546172718,10.117387377527486,8.775378338935539,8.69260231166457,8.504161539587544,8.410157012796402,-10.18670546172718,0.0661938944762502,1.3477181274717127
266,10.210445412099475,10.136639493618183,8.778047084498299,8.683340909944128,8.470033880924419,8.427250205104043,-10.210445412099475,0.07047946053440975,1.367839645885747
267,10.088701671596763,10.023807158126154,8.732485164390546,8.671924486056115,8.446943011013794,8.261461332560705,-10.088701671596763,0.06196969559034599,1.2950913661481667
268,10.151158093742549,10.012830630428017,8.715146221858971,8.57191239580426,8.442003814924538,8.316082971368244,-10.151158093742549,0.13209299731122343,1.3712903264935012
269,10.017990724887012,9.93278338816316,8.738650729110896,8.619236881731053,8.38815305423768,8.275166610374091,-10.017990724887012,0.08136701296377886,1.2216797053376003
270,9.892057176348287,9.78635167413329,8.713727121956264,8.589046832279825,8.380445184998115,8.271058854628736,-9.892057176348287,0.10094131913716846,1.1252223165013935
271,10.377624002436802,10.313403679489737,8.84311161311438,8.731908143490397,8.496499062760861,8.43746481652111,-10.377624002436802,0.061325891063899865,1.465351391978511
272,10.061658094492982,9.99779671010385,8.758892203655797,8.696576094108538,8.483477659200375,8.341165107505448,-10.061658094492982,0.06098312998933113,1.2440497873095264
273,10.027222497055174,9.973916601548781,8.666374387002755,8.590918989822136,8.380538832952624,8.220372575845957,-10.027222497055174,0.050903380594694535,1.299514221072637
274,10.125449212643613,10.074285739976505,8.702498741795425,8.656060758594366,8.500456118870174,8.334663333667603,-10.125449212643613,0.048857517484303864,1.3588176072625735
275,10.1202923161681,10.052571949177368,8.763924619630759,8.705659808836787,8.51603807681013,8.371578443197428,-10.1202923161681,0.06466818692743377,1.295235741324515
276,10.299695150285622,10.247901111977084,8.720574261480047,8.670627486767025,8.44044478224549,8.343723689918368,-10.299695150285622,0.049459663316968674,1.5079493711584464
277,10.178446520191313,10.089446354236818,8.724112005088639,8.61297863119548,8.396462220909015,8.250408543664097,-10.178446520191313,0.08498889808594136,1.3887871619264722
278,10.275402859939163,10.186432358044408,8.762944882312482,8.657660129486331,8.492126481553223,8.340135545012389,-10.275402859939163,0.08496057099550246,1.4442909801483454
279,9.953542222948348,9.884040721045906,8.758915337086751,8.703020249957486,8.4336515078861,8.307640564137916,-9.953542222948348,0.06636904548050655,1.1407846442121037
280,10.151529544042237,10.068922890980689,8.759296506352754,8.69816708146933,8.539978743092606,8.397546153849039,-10.151529544042237,0.0788835430021358,1.3294846193047571
281,10.115470409702622,10.046300880128301,8.669389133530757,8.61651038645088,8.441131944737954,8.281203338820811,-10.115470409702622,0.06605203525856526,1.3809058992923318
282,10.166557252894982,10.143556509209064,8.749962086196929,8.698136841450806,8.52100421564724,8.424376119390164,-10.166557252894982,0.021964092314421174,1.3527487388404962
283,10.12233389808943,10.063962358902101,8.632161986834873,8.590517099926895,8.379441684661511,8.206204610424145,-10.12233389808943,0.05574071398527386,1.423009354397159
284,10.094524627003088,10.027776992189692,8.690791426037912,8.636409055774216,8.390983549204863,8.270042696929364,-10.094524627003088,0.06373929612146788,1.3404664662949
285,10.208201727320514,10.114974262113696,8.848575144757628,8.77609699586101,8.516039395561712,8.362690927728849,-10.208201727320514,0.08902567151755633,1.298347748244145
286,10.095560477389384,10.015167428201313,8.723450161759436,8.67887935641591,8.454010670688037,8.287787808701335,-10.095560477389384,0.07676970701106861,1.3102688351993217
287,9.975319451438859,9.895983335915915,8.63844495734716,8.54940444383606,8.437157587229672,8.290856428710146,-9.975319451438859,0.07576040970711687,1.2766211041690243
288,10.277768947783258,10.2155665405143,8.798723067211478,8.731651644183533,8.592243914919175,8.477020506315595,-10.277768947783258,0.05939892353441879,1.4123847777162233
289,9.973690033716547,9.871075144108952,8.740613911790057,8.630690853632588,8.434346453390937,8.353900071448097,-9.973690033716547,0.09799000149526797,1.1775009600791138
290,10.332569556334978,10.29569514503636,8.74425175796908,8.642642192505505,8.44612336444173,8.403957175619315,-10.332569556334978,0.035212468990671625,1.5167317728646137
291,10.204239608366853,10.101417615297121,8.854137801121036,8.748077284594798,8.49289472581446,8.413578141952236,-10.204239608366853,0.09818777073365056,1.2892522578028387
292,10.242712913575126,10.173146530205745,8.74522336924834,8.690276641445555,8.409305594468318,8.316205934926103,-10.242712913575126,0.06643100271757656,1.4299971792482276
293,10.094427524001333,10.028692382837434,8.691889016815399,8.571878121704382,8.42646854560874,8.290742720208238,-10.094427524001333,0.06277243590646778,1.339325617772215
294,9.959582279169226,9.906479934087528,8.703044000304082,8.620432498132272,8.402853042809362,8.31325905859204,-9.959582279169226,0.05070900425714245,1.19990566959342
295,10.178732711574012,10.075903669556702,8.711061822334102,8.59720993942524,8.46922744241126,8.296265785712187,-10.178732711574012,0.09819450198275487,1.401522461127656
296,9.995091258092828,9.875317500825926,8.765366791025318,8.608428427432935,8.363837232514467,8.268731786591392,-9.995091258092828,0.11437551313029762,1.1743003654490445
297,10.265146656104198,10.181929208411136,8.635817853756594,8.606484680822092,8.452054201139303,8.288985462652242,-10.265146656104198,0.07946680891105283,1.5558943968937138
298,10.065976962956837,9.978097938005597,8.70164327334061,8.620622651264368,8.481201228904505,8.392098722786242,-10.065976962956837,0.08391828729051533,1.3028427043753577
299,10.083749452393588,10.006297290607453,8.707382130819541,8.60660520092018,8.429171947891819,8.317249527247464,-10.083749452393588,0.07396136640850016,1.3143339764319717
300,10.138717531902909,10.087965660357547,8.731706360044944,8.670694178014498,8.490724893932564,8.374904120614062,-10.138717531902909,0.04846446736565572,1.3435966979202922
301,10.006796706206945,9.950231288561998,8.634000243413672,8.585188951625257,8.383804824298373,8.239346899140834,-10.006796706206945,0.05401599495750504,1.3109240574757117
302,9.963896838585855,9.873972016679794,8.739341295238429,8.61847730706397,8.42716570629672,8.367173616884797,-9.963896838585855,0.08587187947804809,1.1693644068859474
303,10.285403567787553,10.224365691166202,8.698547875027625,8.609582510611034,8.446450971144444,8.337464510440372,-10.285403567787553,0.05828687868072692,1.5153355648575386
304,10.17808590697418,10.11667790939408,8.725747921889425,8.612123549447816,8.40729352162517,8.283438203468961,-10.17808590697418,0.0586403181614895,1.3868806161981728
305,10.079008345095318,10.021315255113537,8.68985133504042,8.60072178050081,8.349440235271349,8.253896902247437,-10.079008345095318,0.055092842717075416,1.3265472292859688
306,10.25352651758504,10.181301626159176,8.643816660486815,8.626538621774726,8.468246993011444,8.360071283814623,-10.25352651758504,0.06896969090821115,1.5371596842055866
307,10.213253508399776,10.166740787051813,8.786611626953873,8.706836633132808,8.451625582409052,8.374426208032965,-10.213253508399776,0.04441637711510502,1.362342644724223
308,10.05413748189121,9.961536845468515,8.770316765529632,8.654006994179396,8.420279289233536,8.312878663074091,-10.05413748189121,0.08842709412076388,1.22595847831634
309,10.129611202579891,10.021620873048798,8.821473738992031,8.701346175135196,8.437641810139448,8.385765875963438,-10.129611202579891,0.10312316850597689,1.249179261442213
310,10.299350292270093,10.264873271357438,8.774170078170984,8.717950628797878,8.53384696025311,8.401621628903747,-10.299350292270093,0.03292312980799061,1.4564398210789704
311,10.071138136091767,9.989691161230208,8.622932676701712,8.512270233427422,8.362182937847058,8.228842425691415,-10.071138136091767,0.07777613189459003,1.3829343448475777
312,10.115743396456413,10.056189070386198,8.742004750883375,8.71521488979536,8.426991826335696,8.32877775182426,-10.115743396456413,0.05687019225948721,1.3118237757558855
313,10.11142173860482,10.032521368292668,8.792782996328162,8.704821625855015,8.474834575540656,8.380702807738086,-10.11142173860482,0.07534430368175972,1.2592072439148596
314,10.252220869585122,10.181552023172223,8.823086424185037,8.754244160009575,8.565855204714866,8.435727577768063,-10.252220869585122,0.0674837773752884,1.3647228679699068
315,10.024105581128607,9.94024373140636,8.737013685766318,8.66266290626726,8.431325245475419,8.295476361055405,-10.024105581128607,0.08008216752075177,1.2290822241625492
316,10.258627224348443,10.188844337846952,8.71835118449475,8.688959935748164,8.4477820535891,8.229200671960099,-10.258627224348443,0.06663774797959784,1.4708552728123458
317,10.259845137130323,10.210608913479373,8.664384487842648,8.62969666156077,8.513649304099822,8.362334028599358,-10.259845137130323,0.04701713023936135,1.52355269305643
318,10.046849611413926,9.972695536939234,8.671585852911441,8.566508003387407,8.387828083062352,8.29997914542223,-10.046849611413926,0.07081192501831003,1.3132801513248538
319,10.186044712852866,10.096554563773939,8.797836354371297,8.718221397169865,8.47469915694459,8.403665286808913,-10.186044712852866,0.08545679750365076,1.325641333762965
320,10.153654707942211,10.056511273380258,8.786036516675605,8.685426615523436,8.48822942792424,8.369201956422438,-10.153654707942211,0.09276514679675382,1.3059791724148653
321,10.15857452630556,10.049719517380103,8.719324931409842,8.617510785463981,8.490392160473826,8.367895010722064,-10.15857452630556,0.10394887650479402,1.374382124223969
322,10.149668365118586,10.098343115967284,8.666266010373763,8.559649611087963,8.3917063841027,8.320996104264553,-10.149668365118586,0.049012002647117435,1.4165449041107756
323,10.132634582271518,10.05842107702851,8.733598957043032,8.706543807730629,8.481181319940422,8.30095340942831,-10.132634582271518,0.07086867722160499,1.335980611900643
324,10.24716532224911,10.161732613793436,8.766040451268195,8.705358283707897,8.482742944572303,8.327413383577843,-10.24716532224911,0.08158222711469533,1.4143700673177504
325,10.177403261290202,10.080159756904466,8.76979408391032,8.676157952915426,8.44599559333575,8.328876496608459,-10.177403261290202,0.09286070643940933,1.3441677511291485
326,10.059540105157526,9.988836506189298,8.622676510934133,8.592729061009779,8.4434681731801,8.305299626668967,-10.059540105157526,0.06751696362108298,1.3721036614166418
327,10.122326725213371,10.035898056538944,8.649830793529269,8.571592983078231,8.375190502964402,8.202874672998341,-10.122326725213371,0.08253329906632077,1.4061300372613845
328,10.116441122961534,10.047692226755055,8.733955804059413,8.662984472529043,8.45919949736577,8.344214162891065,-10.116441122961534,0.06565035998023676,1.3201762335314875
329,10.047657660224198,9.972560289216712,8.666847107113758,8.592659029368704,8.378828583097457,8.219236554145109,-10.047657660224198,0.07171270685428392,1.3185769500058833
330,10.14988047348476,10.06173987315021,8.721750927651224,8.655193693862307,8.447517649533504,8.337711566812864,-10.14988047348476,0.0841680733819858,1.3637632595699454
331,10.225195356201276,10.13323461957372,8.825705016775279,8.73243731781533,8.468385764806778,8.309507808738411,-10.225195356201276,0.08781603482788437,1.3364148319740108
332,10.336872884535522,10.272578214006375,8.875635872834586,8.813143576750788,8.546621474934906,8.458377579120087,-10.336872884535522,0.06139688777507147,1.395378560646202
333,10.267064879144142,10.183507246298056,8.873417062603234,8.737424595766774,8.531416225421024,8.41665530919504,-10.267064879144142,0.07979166180307347,1.3308356335902738
334,10.239980173977449,10.148212462818517,8.846235266793949,8.753490937481255,8.521574180348104,8.434171018721143,-10.239980173977449,0.08763170908303955,1.3309283483244532
335,10.14369215833635,10.004545191629793,8.687812492055949,8.607501730483046,8.418714305839616,8.28479006439678,-10.14369215833635,0.1328755654055514,1.3902626726130287
336,10.107599028229027,10.026185279470415,8.745618894048555,8.687465158054742,8.486600507331046,8.344159166060434,-10.107599028229027,0.0777444033034485,1.30059522448671
337,10.089936050662985,10.011119600491297,8.734466443150223,8.631395814931478,8.43232111210052,8.334917542326234,-10.089936050662985,0.0752641658506814,1.2943781294789234
338,10.217557468399134,10.12676536907367,8.805348810931251,8.660146890782602,8.406453481387294,8.354288372221891,-10.217557468399134,0.08670006840802744,1.3485599310790966
339,10.22719870314176,10.168476806142781,8.839691724550086,8.784557492573718,8.586391860889345,8.515896288856466,-10.22719870314176,0.05607528105072333,1.3249715653041927
340,10.193381745179126,10.122399038344295,8.55801962704896,8.520922853612962,8.442777994010218,8.279848921974137,-10.193381745179126,0.06778349200083772,1.5616557890738878
341,10.097550091357958,9.994768600941525,8.716610746043203,8.59019125917697,8.436229137001094,8.347781325793104,-10.097550091357958,0.09814909354876551,1.3186999375015735
342,10.120027811403771,9.944932445071188,8.751360789829532,8.58694811148304,8.492561985045018,8.295056181998929,-10.120027811403771,0.1672037583859006,1.306980731582412
343,10.216809086681886,10.157826312068831,8.70744029224086,8.644059803287305,8.46211422842106,8.35887717593205,-10.216809086681886,0.05632440082165705,1.441341027503666
344,10.185152634260586,10.08026468307938,8.757386846162662,8.628689949287848,8.404949384508054,8.274636699515566,-10.185152634260586,0.10016061540762242,1.363415896519681
345,10.213210586916828,10.163376370510822,8.708387467667622,8.65900575300475,8.489565053607603,8.394421971307825,-10.213210586916828,0.04758817125676307,1.437000227444855
346,10.236275810252193,10.173556285463448,8.718230737238816,8.67311718479036,8.468101167633728,8.30274011577369,-10.236275810252193,0.05989273439102088,1.449626263238257
347,10.238357100073554,10.183859729864496,8.738861021690306,8.683910866472896,8.462358815339815,8.324840042453255,-10.238357100073554,0.052041155125683136,1.4319132781296355
348,10.111091142876342,10.051421928458021,8.752023357554393,8.67848563625416,8.409100855828665,8.261569926061915,-10.111091142876342,0.05697990255051573,1.2978141361856583
349,10.24181734085702,10.15559532566589,8.733866571647663,8.690756897784585,8.54347889667595,8.367971609633454,-10.24181734085702,0.08233595952607649,1.4399869131533698
350,10.134654061015102,10.044569145796,8.69494857989574,8.566298491770224,8.460157771732897,8.323496295969578,-10.134654061015102,0.08602475733080583,1.3748174634998505
351,10.173753396857458,10.057704843565137,8.873270828460347,8.75124869317388,8.526559167979762,8.413470114883847,-10.173753396857458,0.11081820537081721,1.2418693749914649
352,10.136368608796582,10.039825754826985,8.801943328856646,8.68569997568084,8.42765519921544,8.299706507928684,-10.136368608796582,0.09219163457676197,1.2742822769353617
353,10.132781301156099,10.065207050799343,8.765951167996976,8.720423430031452,8.488028637015573,8.36985660080736,-10.132781301156099,0.06452865582004216,1.3052266323553676
354,10.18323626421015,10.069346407916509,8.822568951849684,8.701313229896872,8.455705476441407,8.403785692378811,-10.18323626421015,0.10875680158295123,1.2993415719943926
355,10.155429140671426,10.043545470546372,8.781148059384327,8.665023343485732,8.414980039800113,8.280067609654646,-10.155429140671426,0.10684103490999286,1.3123417637071004
356,10.158113718276034,10.071426431783847,8.708739655906518,8.65388570958525,8.541313976309546,8.395820792630452,-10.158113718276034,0.08278026089072978,1.3840502784917372
357,10.184615218797928,10.145936063042939,8.812235484410277,8.717180377550251,8.464858668334976,8.46806955437198,-10.184615218797928,0.03693587299816744,1.3105261111616227
358,9.989528521064676,9.911168028420159,8.634326925172138,8.59581674196471,8.430766566461024,8.283127162714287,-9.989528521064676,0.07482875848494608,1.2941221972339358
359,10.178653671631368,10.112338850054885,8.806462808213823,8.744674686648269,8.436667584196783,8.326660712764188,-10.178653671631368,0.06332598992492654,1.3103457526706288
360,10.080724624469212,9.987236263035587,8.748527849927278,8.628220080218279,8.47788809987305,8.325789136351503,-10.080724624469212,0.08927480906233883,1.2721542110365684
361,10.160827771218358,10.05979798182781,8.741581279455946,8.660886931378522,8.443275346557163,8.288511789210194,-10.160827771218358,0.0964763422862331,1.3552805677789121
362,10.115409608990808,10.045580398650081,8.760806521759138,8.646862683579641,8.432199019030426,8.371212747405137,-10.115409608990808,0.06668198398758192,1.293550663562773
363,10.103816981958046,9.976196997578073,8.784440496455344,8.673359147407865,8.483699335998525,8.341095640663324,-10.103816981958046,0.12186810810829843,1.2599117368018038
364,10.175275531691211,10.117386356966843,8.688487670785943,8.651664615389684,8.483741185135914,8.34794671187319,-10.175275531691211,0.055280089853361185,1.419777824352593
365,10.134871047735096,10.0195138715471,8.853612645035525,8.713941863996935,8.466393044823619,8.344671024470474,-10.134871047735096,0.11015798886865445,1.2235116490059774
366,10.210922791343334,10.164228479608262,8.671327427130587,8.594454717001575,8.435317451794889,8.288733285028238,-10.210922791343334,0.04458978316146362,1.4702052754549542
367,10.057221959667496,9.97903430630097,8.766543480902682,8.703720857313103,8.465952542319148,8.356963720043105,-10.057221959667496,0.07466370913222886,1.2325071590264882
368,10.134117416887321,10.092039703823389,8.769783229174394,8.738257439429159,8.51629438189465,8.370912889397477,-10.134117416887321,0.040181256168763446,1.3028431800226692
369,10.184578283219409,10.129456432753464,8.724105806424685,8.677002916742023,8.400281802442501,8.298425261535117,-10.184578283219409,0.0526374898441642,1.3946484835892623
370,10.206538161237198,10.144342151049875,8.778675823184047,8.702323584728546,8.466210135960583,8.374189560820767,-10.206538161237198,0.05939281477143813,1.3635080949354592
371,10.178156873087039,10.084655669565633,8.824378400277748,8.715063755508055,8.535295098124267,8.419328756810346,-10.178156873087039,0.08928707235283836,1.2927632147939736
372,10.445715609663475,10.39649262839528,8.75524607923724,8.758180226074629,8.50437344952969,8.341235609798732,-10.445715609663475,0.0470044846953189,1.6142794914814225
373,10.11911503357295,10.050629793451266,8.708987188810037,8.661165786499906,8.470996569539924,8.359336047137319,-10.11911503357295,0.06539858696520778,1.3465729013132308
374,10.036417611349817,9.960442047196102,8.693197523512099,8.62068558860328,8.412447315458751,8.214467461633436,-10.036417611349817,0.07255131953555533,1.282680699838216
375,10.130436928306692,10.047217190594688,8.825258033473402,8.770432143344179,8.458364187236967,8.3603271792321,-10.130436928306692,0.07946899571805795,1.2463540363916106
376,10.157977147279214,10.026314302944034,8.813864633123604,8.72905073754872,8.471815786920164,8.293764786445418,-10.157977147279214,0.12572875498489583,1.2835329041972425
377,10.178035759544525,10.121089885815664,8.73601619446435,8.662332003011102,8.471463385778739,8.330044429857406,-10.178035759544525,0.05437930375581042,1.3770272509064092
378,9.998381806154852,9.901922211212218,8.751478687720969,8.68381551326576,8.495197176328695,8.32522661786036,-9.998381806154852,0.09211212806257241,1.1907047691327086
379,10.205413691339219,10.124730486906133,8.844889572989418,8.749660661625091,8.500834724187113,8.399918590267557,-10.205413691339219,0.07704678486011743,1.2992048317866818
380,10.157788710977231,10.059687876127633,8.690352993474878,8.555167797640754,8.415960440129178,8.248791479640403,-10.157788710977231,0.09367939672653113,1.4012978886606093
381,10.305357246493756,10.234428756338964,8.805489695864493,8.757869130189729,8.516513862830607,8.378399072262592,-10.305357246493756,0.06773171888507963,1.432268007994685
382,10.214675490099525,10.17728979550266,8.767736728504552,8.721537484453885,8.416352836063043,8.27013475966047,-10.214675490099525,0.035700708576090937,1.3817247375546329
383,10.203147887110287,10.117082369642084,8.795434828707098,8.66958179371717,8.433914197361993,8.319373090119319,-10.203147887110287,0.08218651520895824,1.344266950199265
384,10.304803075886266,10.233558528299996,8.811518352558325,8.708445604263886,8.503347850250053,8.439287867844952,-10.304803075886266,0.06803353150020354,1.4259818709675305
385,10.318817952782299,10.227092784117186,8.846744018588062,8.681619879294486,8.510289493323038,8.397994619436101,-10.318817952782299,0.08759108399394278,1.4057270593424773
386,10.190166115050635,10.121286849678778,8.861085198547457,8.75928445060362,8.549852334681814,8.414312681069147,-10.190166115050635,0.0657748533628166,1.2691787857835248
387,10.073202204878099,9.99213661843386,8.748158023591277,8.66623985618709,8.482747808795185,8.249503137861609,-10.073202204878099,0.07741193278346441,1.2653239876017073
388,10.091416646069774,10.000853182856748,8.822147843183252,8.759857629458015,8.492112571573488,8.33390226435008,-10.091416646069774,0.08648173700324518,1.212062424550335
389,10.041226733391268,9.953325899133358,8.758590640295369,8.682939173423028,8.46581302903764,8.303494490582098,-10.041226733391268,0.08393911364428691,1.2248272464257328
390,10.232717429834835,10.180602922507456,8.736773713609477,8.694970247661104,8.464276565252758,8.394812891394016,-10.232717429834835,0.04976568868770763,1.4285210221471523
391,10.197321354063412,10.152796056967244,8.737983396810229,8.658955519448822,8.451216790458702,8.346521860885943,-10.197321354063412,0.042518526752942355,1.3935650972308389
392,10.083329382531954,10.001584429349087,8.760666250102322,8.695806456129839,8.465773147244692,8.326150771542606,-10.083329382531954,0.07806068023121256,1.2630502534295167
393,10.106604840713347,10.056305242230431,8.765875034454158,8.710477838967405,8.464555192572918,8.319674552788912,-10.106604840713347,0.04803257840456165,1.2803026561007342
394,10.090449021869242,10.041433368694811,8.683058508160816,8.635379373786165,8.45192356963143,8.322041651444934,-10.090449021869242,0.046806500949531676,1.3439589427040277
395,10.248464390164667,10.161452240078297,8.694446766296275,8.602713563546311,8.454515852288543,8.288716139833067,-10.248464390164667,0.0830904827717977,1.4839775189434576
396,10.104183328454146,10.023704231015484,8.756694162210973,8.663257801226294,8.463991004606921,8.35829412084182,-10.104183328454146,0.0768518770376241,1.2867573694222665
397,10.457893661776641,10.350339643397067,8.871266469871856,8.741147715582834,8.523951970397947,8.417211577691093,-10.457893661776641,0.10270652204703438,1.515117362613959
398,10.18816054414103,10.11970720503715,8.846211636761886,8.75990026244548,8.563778119564148,8.453082724799275,-10.18816054414103,0.06536812373717023,1.2814668119169534
399,10.268735719605697,10.187521953751824,8.844417569823424,8.719746784776108,8.443304521258595,8.374818672733086,-10.268735719605697,0.07755343369650977,1.3601236444401081
400,10.025512526803372,9.921334441193173,8.738212611947787,8.622842011191231,8.426621919248669,8.375293899518836,-10.025512526803372,0.09948274372028297,1.2292808681462533
401,10.11112041840665,10.029806926215556,8.733069948591384,8.627057693078362,8.445477950239953,8.303857375627338,-10.11112041840665,0.07764866533366006,1.3159412646072495
402,9.997176341892091,9.913456731636941,8.669486294352069,8.57613350144654,8.39777241467484,8.273955126395704,-9.997176341892091,0.07994633883500418,1.2678506037594484
403,10.270676537216536,10.206636973755217,8.770012951510601,8.739959595080121,8.538426665406652,8.414222914188743,-10.270676537216536,0.06115327846989681,1.4330281654986459
404,10.228708154843881,10.170634182017022,8.639601089090272,8.577353509977419,8.417353778763404,8.22901137617533,-10.228708154843881,0.055456559042274436,1.5174854677016665
405,10.066007003490439,9.993499505398987,8.798683054421728,8.74298235188032,8.547901400569215,8.365447646457275,-10.066007003490439,0.06923956039488491,1.2102052259581606
406,10.019737735309862,9.946596497744421,8.705365224495383,8.62529834075811,8.516833575401627,8.30953439390224,-10.019737735309862,0.06984473701439115,1.25513329296138
407,10.25088385195048,10.194232259702574,8.75604707505146,8.721844904367865,8.414592265327007,8.251298988016195,-10.25088385195048,0.054098285641684694,1.4274639729542138
408,10.152946117204621,10.021349264756756,8.727712733763354,8.649204324153148,8.524016406728693,8.377731026973605,-10.152946117204621,0.12566573737447523,1.3609976282055856
409,10.218568654325631,10.142378876292597,8.778525658755516,8.759327607477283,8.478039813261349,8.352110120560443,-10.218568654325631,0.07275587872219068,1.3751397660590652
410,10.065835318972029,9.982900252211039,8.702307995505315,8.654902883962158,8.539253426022565,8.43607200628863,-10.065835318972029,0.0791971549840079,1.3020726814235357
411,10.287035991920698,10.223585597163558,8.786310173186752,8.665351661057246,8.456208768771306,8.404518009282988,-10.287035991920698,0.06059066380038577,1.433087593662835
412,9.954264499396574,9.888848448217285,8.668308748094457,8.607702684568144,8.396662998966221,8.246892823929723,-9.954264499396574,0.062467727416417686,1.2279972865031037
413,10.184803356589336,10.096565835090807,8.842686394699749,8.747812756746399,8.463314813917416,8.349011148731089,-10.184803356589336,0.08426062627600979,1.2816272921532286
414,10.22322093257779,10.165294035593101,8.762603171859896,8.70805973859086,8.497333195976777,8.36007199058442,-10.22322093257779,0.05531611195852989,1.394787219516409
415,10.119108311814076,10.036812728821307,8.82418456420651,8.734666401150301,8.457851559963915,8.346033283516666,-10.119108311814076,0.07858649296757096,1.236561092152956
416,10.111373928494778,10.037001432636456,8.809158877231173,8.73257163031763,8.469930881522723,8.370539082157139,-10.111373928494778,0.07102050207560061,1.243523774263612
417,10.120671231039323,10.02757184540196,8.852321994406106,8.731883057414025,8.450146961684036,8.37492565177515,-10.120671231039323,0.0889033645380291,1.211184303462051
418,10.003365785227723,9.889587164827207,8.779400697533278,8.692777797175607,8.433367258566212,8.222805918888726,-10.003365785227723,0.10865057912951155,1.1688005632708567
419,9.97748106504527,9.891391487815097,8.739063025337034,8.621723749059386,8.420189528075689,8.311244309841644,-9.97748106504527,0.08220949058924051,1.1826021158024453
420,9.983268334432292,9.893488796805082,8.79709104554158,8.69063499965973,8.479217819342225,8.406696975994208,-9.983268334432292,0.08573314321125204,1.1327158734618006
421,10.172038126597,10.079055402565471,8.733964337438652,8.615910091487011,8.426204596332488,8.355612799580221,-10.172038126597,0.08879196091060451,1.3732593124526595
422,10.305945901478745,10.26137243726537,8.680681430352578,8.602268208914364,8.399492746657158,8.285653453051783,-10.305945901478745,0.042564522961730036,1.5520132464681868
423,10.234853538508592,10.18995733157469,8.80220830678575,8.7530927333419,8.438128317364963,8.304696092249298,-10.234853538508592,0.04287271955764326,1.3680754219543436
424,10.0983876601334,10.068113459223966,8.583639659981465,8.606488548122181,8.438700942769033,8.241171841945857,-10.0983876601334,0.028909732337360917,1.4464777905764603
425,9.869497423381679,9.796491384650006,8.682951213242658,8.622037882605932,8.426617771378966,8.290816788414165,-9.869497423381679,0.06971563163822506,1.1330681673034795
426,9.868239342018656,9.78261120322845,8.6426249061743,8.519551301845565,8.312479340788142,8.213599092962527,-9.868239342018656,0.08176884933732073,1.1703755747364837
427,10.051328454120627,9.9223399614572,8.814585866580842,8.647786696526213,8.437455784304062,8.318888177722332,-10.051328454120627,0.1231749372561434,1.1810021768353074
428,10.107294907122556,10.03911046085798,8.666803628880837,8.652239269924664,8.458255074611511,8.247302437377508,-10.107294907122556,0.06511134998994592,1.3755678444775943
429,10.049255001448442,9.936603007738702,8.800388306846571,8.659185158963131,8.434898795674307,8.312378348968606,-10.049255001448442,0.10757472988837322,1.192579846252345
430,10.1973163000538,10.122502541755273,8.758384269131804,8.681918863707967,8.438086683415552,8.297717065255746,-10.1973163000538,0.07144187666695714,1.374078872966973
431,10.298834755201462,10.235627535737077,8.707311597596288,8.69401684348411,8.460613601766399,8.311662938250612,-10.298834755201462,0.0603584485011065,1.51979266546851
432,10.108061867531946,9.979836112511268,8.787847859638388,8.647390580567214,8.412189884046125,8.359376556561827,-10.108061867531946,0.1224465764593875,1.2607115117725336
433,10.066209098775891,9.997297035372227,8.727181379336788,8.669557783989449,8.524231525686808,8.370668752851792,-10.066209098775891,0.0658061731761311,1.2786772829148056
434,10.196966777077886,10.0777737764478,8.7769431183348,8.668519274528428,8.491959015782543,8.348910749510077,-10.196966777077886,0.11382093139340094,1.3560227075784046
435,10.196791894351819,10.148137454371097,8.701420507680297,8.70306439270248,8.52595473294823,8.347382730832114,-10.196791894351819,0.046461567757798285,1.4279744876817282
436,10.172528375098791,10.084744346858777,8.833856626808439,8.76794141051779,8.522729326150287,8.420277762909574,-10.172528375098791,0.08382757211350053,1.2783373555072741
437,10.31119186807717,10.22939351428574,8.745744352005344,8.641637015491133,8.520374534195803,8.388399021463757,-10.31119186807717,0.0781116740561154,1.4948922620025622
438,10.16316479623888,10.076151777595802,8.797782011407223,8.674044930663522,8.474916727254401,8.337279380720036,-10.16316479623888,0.08309131218235777,1.3038445165112147
439,10.208311652811279,10.141978037955296,8.68122278632825,8.549113074024804,8.386350579570117,8.350675085879747,-10.208311652811279,0.06334393618490226,1.4582624498482402
440,10.157150681594935,10.107981120234028,8.727235813937474,8.622930105940068,8.436209226491524,8.35682160352441,-10.157150681594935,0.04695347244149176,1.3654681163296691
441,10.162253040481577,10.10456454399811,8.715449910432474,8.658761366555572,8.493155673728767,8.344965869702452,-10.162253040481577,0.055088456249298715,1.3815952189688463
442,10.13767981143317,10.089549057844442,8.685516405994147,8.656233882292552,8.461295136491513,8.338846630580418,-10.13767981143317,0.04596148409030413,1.3867139049166841
443,10.22806140655641,10.101219707932309,8.849534977605478,8.683663222909896,8.495428763814946,8.364367738960132,-10.22806140655641,0.12112489995718922,1.3163957721021562
444,10.133723598534486,10.065229188906686,8.752121203625755,8.707893650927907,8.463445872067897,8.313015890004928,-10.133723598534486,0.0654073431985524,1.319333103223952
445,10.075419953879035,10.009822120784836,8.704873856574338,8.630591628567368,8.520431331144447,8.403558841388277,-10.075419953879035,0.0626413163583528,1.3087751167280897
446,10.173969151429219,10.096026136219495,8.841272959887899,8.714867762092663,8.477648145214355,8.406572675429487,-10.173969151429219,0.07443009690068658,1.2726311191412667
447,10.227206228713362,10.169438122938324,8.62705627475411,8.59149859786069,8.45560766773961,8.284082577807608,-10.227206228713362,0.055164477522916464,1.5280306491653013
448,10.320242630513325,10.236387612908702,8.856669299476685,8.749878000702095,8.50950893023382,8.41682704688081,-10.320242630513325,0.08007564332900224,1.3976095812717129
449,10.154597523054244,10.103989370378597,8.885661351158701,8.825141694479463,8.499378808493308,8.425588795752565,-10.154597523054244,0.04832722595447108,1.2117447853516963
450,10.145415789891906,10.074640351234294,8.72582606612704,8.68716788741306,8.531420999834642,8.393456974941286,-10.145415789891906,0.06758556547113768,1.3556083301978208
451,10.002279618691674,9.863391621947175,8.793756452695076,8.660504668230447,8.458249194659865,8.23426782333976,-10.002279618691674,0.13262826730810842,1.1540546142565538
452,9.987811607267368,9.881930266037974,8.629370206111407,8.547120911923972,8.426748191478431,8.245275811739122,-9.987811607267368,0.10110923302714585,1.297215983367909
453,9.981243557117727,9.884823408406431,8.709001054985732,8.590067185474943,8.444021256115146,8.341225656521148,-9.981243557117727,0.09207445968635031,1.2149020981554493
454,10.233024608423591,10.147855032640885,8.781488502584272,8.714859391448442,8.497920104690012,8.351315082173974,-10.233024608423591,0.08133095392114423,1.3861148779241288
455,10.056012626253375,9.996733372848958,8.690109963641829,8.634579495012911,8.493101744929358,8.299350409843607,-10.056012626253375,0.05660751721266069,1.3043409632220537
456,10.195289440186855,10.113810713940447,8.738384995013357,8.6750950601843,8.535371447022268,8.4069756896731,-10.195289440186855,0.07780645223368274,1.3912412643715044
457,10.295287471583004,10.195350613278048,8.788853262038858,8.715461016373906,8.494866033059294,8.364668954157489,-10.295287471583004,0.09543266997784808,1.4385387053500975
458,10.119630411278669,10.036259072195286,8.749194977379288,8.674114266684935,8.457856453254923,8.297814806052099,-10.119630411278669,0.0796137643638658,1.3086694409602373
459,10.116995250335004,10.06615736346381,8.74128325155257,8.677121117569985,8.477531580805216,8.411252866233719,-10.116995250335004,0.04854660595138156,1.3137081892623348
460,10.080706984787751,9.994413754277012,8.624682410230436,8.529483070191361,8.40071807547122,8.258428860375068,-10.080706984787751,0.08240396514691473,1.3904010498244233
461,10.154368412142423,10.13037051954076,8.69049839776933,8.68100441758401,8.455128161600904,8.290351363508146,-10.154368412142423,0.022916299388058826,1.3978928929888896
462,10.062780793110582,9.99507571969903,8.66964442821989,8.598698294163158,8.31097558748593,8.195466674179734,-10.062780793110582,0.06465358263508943,1.3303472332405681
463,10.034877900233255,9.957599072073014,8.716725105980052,8.623269408413856,8.423483835449575,8.304417027221975,-10.034877900233255,0.07379584498830867,1.2587431977347483
464,10.206957300731467,10.188619002472896,8.730219185453203,8.714325793362091,8.482680388890705,8.382333991348007,-10.206957300731467,0.017511784894470982,1.4101810241924697
465,10.105255886418718,9.982452194384784,8.76340350735841,8.64226902170546,8.446445957940789,8.301752765017838,-10.105255886418718,0.11726888770281195,1.281374634162406
466,10.278997534072547,10.223947225006052,8.748280507237101,8.693731908241652,8.45394810389952,8.328309779997245,-10.278997534072547,0.05256917284001525,1.461727087774743
467,10.152409716784941,10.066732227661898,8.68808858666661,8.59928251512087,8.404077137061535,8.281556754023606,-10.152409716784941,0.08181597543380631,1.3983236767934564
468,10.250706706823907,10.19380201381682,8.777058037840217,8.665487017014103,8.527049958441438,8.438882251460784,-10.250706706823907,0.05433997906322877,1.4072308202972794
469,10.324661068806924,10.272945047610547,8.851536685889185,8.776705247257006,8.53922198980092,8.435901437549205,-10.324661068806924,0.04938516246269178,1.406730163983337
470,10.267404790239391,10.162485750915609,8.715329892685254,8.632095044632058,8.43270083022158,8.28518400398385,-10.267404790239391,0.10019030239699732,1.4821223519675277
471,10.18244391969377,10.120170702480252,8.753155570021427,8.709407040446708,8.518073394243132,8.392683162151636,-10.18244391969377,0.05946654205059982,1.3648698357240638
472,10.145124145643328,10.09036063888614,8.772249294026398,8.738516718516328,8.499249734922659,8.378521057023866,-10.145124145643328,0.05229529680871612,1.31099891328832
473,10.218944241772418,10.159697985112276,8.810532256532246,8.72951904503522,8.483158051607633,8.398801824316086,-10.218944241772418,0.056576007642916294,1.3449343761650567
474,9.945937141966072,9.855688072228755,8.733713236981826,8.657041819096204,8.429198622836596,8.259489833672154,-9.945937141966072,0.0861815133488345,1.1575885596744164
475,10.30890243072026,10.242369009310748,8.839691012176168,8.777306680806916,8.447190372110505,8.37261197886784,-10.30890243072026,0.06353473738883933,1.402993558250086
476,10.008919447701238,9.904668524263537,8.727868327706874,8.577070367143227,8.388304504697713,8.27704899739981,-10.008919447701238,0.09955229872202982,1.223313708603071
477,10.263332287857436,10.191303258338662,8.662640023776316,8.544402080891942,8.381456499152156,8.29699873971994,-10.263332287857436,0.06878265656414934,1.5285485171848066
478,10.080067288625198,9.969248159333794,8.754814214953884,8.654568149872485,8.466291663186809,8.259941037443474,-10.080067288625198,0.10582447329520038,1.2655234651351046
479,10.073803373214291,10.016151942322576,8.777093532775373,8.71446413881927,8.523626889057844,8.36476001862805,-10.073803373214291,0.05505306121642352,1.2382666851705404
480,10.13535660982011,10.063598276503713,8.764903665977707,8.666157597364847,8.439358706768871,8.26720311528485,-10.13535660982011,0.06852416073204308,1.308686161724149
481,10.210180739768768,10.147960318332618,8.653379272482981,8.657498710438574,8.458423067158423,8.298412772742486,-10.210180739768768,0.059416125796945114,1.4866358935874915
482,10.126739182449596,10.021786542481376,8.808044357738932,8.719960458959498,8.53825992954634,8.371669482400426,-10.126739182449596,0.10022238864891711,1.2592607986944149
483,10.257538099810152,10.136905135891734,8.834680748785592,8.71880765657699,8.545092425072475,8.425301331523626,-10.257538099810152,0.1151959950446545,1.358728684381192
484,10.220667363973975,10.155331703361085,8.80700537842772,8.706427369006994,8.482879293942322,8.421172504299017,-10.220667363973975,0.062390960080295245,1.3499477571647405
485,10.124342806864437,10.025707406612996,8.772976802204651,8.690630103907573,8.428904318086936,8.307860305255156,-10.124342806864437,0.09418986908318616,1.2904594774077012
486,10.145372586962923,10.08403240206268,8.820411663153267,8.763593718886499,8.487981360114617,8.357968290527724,-10.145372586962923,0.05857556182226629,1.2652444825674647
487,10.35763742706629,10.291474365036644,8.803203812280172,8.717267031743082,8.4824511623282,8.3929731626968,-10.35763742706629,0.0631810702326838,1.484374761008483
488,10.1578756973502,10.098500468571794,8.760310763760284,8.71473020198451,8.437583064059819,8.286288602707392,-10.1578756973502,0.05669916694377216,1.334576204836389
489,10.191223271840569,10.125562438945078,8.747020210131486,8.689925651665876,8.470845686776492,8.32306407683727,-10.191223271840569,0.06270147673708956,1.3791123365967
490,10.116304045978874,10.008648629618529,8.706366833191158,8.60044915338429,8.409014094236179,8.248081795912844,-10.116304045978874,0.10280334998618976,1.3463908611862465
491,10.03825324636248,9.989063947242437,8.737933511490583,8.634277033910168,8.41961378729048,8.335295244270204,-10.03825324636248,0.046972320613083644,1.2417138804288308
492,9.974710076155548,9.896691133328451,8.712787287756298,8.591488308098983,8.392966913295545,8.278211794649085,-9.974710076155548,0.07450260243441831,1.205047497444291
493,10.186704550343094,10.11004378025884,8.761536310912238,8.722368697947063,8.417258567543929,8.294391864525048,-10.186704550343094,0.07320564300084242,1.360935420257968
494,10.17222795566279,10.100812319822197,8.719933726510826,8.647600147151179,8.439392330600485,8.323773054077837,-10.17222795566279,0.06819690874848625,1.3868388323602123
495,10.08530548817259,10.003356197734375,8.661790279633358,8.60700007376992,8.454523113535142,8.310367965440607,-10.08530548817259,0.07825580793669237,1.359356892033054
496,10.29562078717955,10.225841212495569,8.786579542056018,8.75732497581114,8.484238356823704,8.35079991272188,-10.29562078717955,0.06663458542683383,1.4410282409457518
497,10.164864589758354,10.107800291939578,8.79669810209775,8.730570886688508,8.490670347415842,8.364896553753338,-10.164864589758354,0.05449239043155787,1.3065027569031704
498,10.207552448663206,10.141995783222315,8.77627180822835,8.70426605593143,8.411431332200097,8.321700487987659,-10.207552448663206,0.06260200414523637,1.3667723332616464
499,10.213350239669891,10.13741181660702,8.706835883015609,8.62990765972707,8.431090115130658,8.309348689731774,-10.213350239669891,0.07251585240635684,1.4386152402026136
500,10.243883464446819,10.201960982829522,8.724854097991853,8.64324240920551,8.439467815449019,8.393922255631722,-10.243883464446819,0.040033021056431334,1.4505661942383474
