run_id,lattice,L,h,Q,Q_err,xi_over_L,xi_err,chains
tfim-lineupdate-julia-fss-pilot-ctau1-20260730,honeycomb,12,2.11,0.782922455379777,0.054472216887007756,0.4515968038135216,0.044636015636906876,4
tfim-lineupdate-julia-fss-pilot-ctau1-20260730,honeycomb,12,2.1325,0.6369121751293866,0.10325358791474712,0.34312321093858134,0.05137740624421243,4
tfim-lineupdate-julia-fss-pilot-ctau1-20260730,honeycomb,12,2.15,0.5083069600404304,0.08654119262282119,0.24337690327330633,0.04306209240933011,4
tfim-lineupdate-julia-fss-pilot-ctau1-20260730,honeycomb,24,2.11,0.9362464553317412,0.010585140148816964,0.7108301607451165,0.050992690649659986,4
tfim-lineupdate-julia-fss-pilot-ctau1-20260730,honeycomb,24,2.1325,0.7518373709463569,0.08236539881091845,0.376089475062215,0.05191003991684878,4
tfim-lineupdate-julia-fss-pilot-ctau1-20260730,honeycomb,24,2.15,0.5704935824586063,0.12697439949712572,0.2511852211102982,0.04864911415175297,4
tfim-lineupdate-julia-fss-pilot-ctau1-20260730,honeycomb,48,2.11,0.7375411982329434,0.05292610936593789,0.445843208448845,0.06999788277750937,4
tfim-lineupdate-julia-fss-pilot-ctau1-20260730,honeycomb,48,2.1325,0.6397057054680934,0.08275719721840523,0.09145615355475019,0.02839041585598987,4
tfim-lineupdate-julia-fss-pilot-ctau1-20260730,honeycomb,48,2.15,0.4724238112183058,0.12785873981448842,0.13534451119489352,0.0364927884169798,4
