epsilon,warm_loss,top15_overlap_mean,top15_largest_angle_degrees,full_40_loss,model_top_15_loss,top_15_plus_5_loss,random_15_loss,bottom_15_loss,region
0.0,6.727951529228449e-14,0.9999999999999988,3.4150945850063763e-06,6.7390537594747e-14,3.8746783559417963e-14,3.8968828164342995e-14,6.7390537594747e-14,6.7390537594747e-14,A: open-loop transfer
0.003,2.007763741151969e-06,0.9999943315075632,0.4225527001128931,1.4765966227514582e-14,3.1086244689504383e-15,2.6645352591003757e-15,1.176836406102666e-13,3.660100620361817e-07,A: open-loop transfer
0.01,2.2325367517228578e-05,0.9999373643803792,1.4018858064062016,1.199040866595169e-14,1.1213252548714081e-14,8.992806499463768e-15,2.886579864025407e-15,3.538849023154711e-06,A: open-loop transfer
0.03,0.0002013411955179567,0.9994419020213007,4.169004975590219,3.1086244689504383e-15,3.1086244689504383e-15,3.3306690738754696e-15,2.3425705819590803e-14,2.48080196821876e-05,A: open-loop transfer
0.1,0.0022506335300467306,0.9934396270791812,14.515814904522472,6.661338147750939e-15,1.7430501486614958e-14,1.7319479184152442e-14,7.471800955727304e-14,4.704804736432866e-05,B: fixed top-15 calibrates
0.3,0.020385201350453075,0.913177690061162,78.72833334369352,4.884981308350689e-15,8.881784197001252e-16,-6.661338147750939e-16,0.0018992649025917352,0.0014052916251110492,B: fixed top-15 calibrates
0.5,0.05598200072397286,0.8803369310484583,85.91042565252384,2.808864252301646e-14,1.2656542480726785e-14,5.96189764223709e-14,0.005678535206389057,1.887379141862766e-15,B: fixed top-15 calibrates
1.0,0.19961952770245306,0.8028828602175279,86.67529715596116,4.3076653355456074e-14,3.2085445411667024e-14,4.207745263329343e-14,0.002056986433096264,1.0225154056797692e-13,B: fixed top-15 calibrates
2.0,0.46764705630870085,0.640913085523186,85.56617288033162,1.84297022087776e-14,1.0735856648125264e-13,9.547918011776346e-15,5.573319583618286e-14,6.850076061937216e-14,B: fixed top-15 calibrates
