direction,kind,analytic_curvature,fd_curvature_eps_2e-3,fd_curvature_eps_1e-3,relative_error,step_stability,loss_plus_eps_2e-3,loss_minus_eps_2e-3,loss_plus_eps_1e-3,loss_minus_eps_1e-3
principal_1,principal,2.4031455163561728e+00,2.4031397032886481e+00,2.4031437589888682e+00,7.3127794076799017e-07,1.6876644207974388e-06,4.8062979427498931e-06,4.8062608704046994e-06,1.2015742401061402e-06,1.2015695188827280e-06
principal_2,principal,1.8399406717226023e+00,1.8399368867660915e+00,1.8399395127488560e+00,6.2989734621271793e-07,1.4272114634067878e-06,3.6795317008841977e-06,3.6802158461801682e-06,9.1992689199571487e-07,9.2001262075314116e-07
principal_3,principal,9.0836453978135134e-01,9.0836520777459739e-01,9.0836552324446984e-01,1.0826744940249172e-06,3.4729397403861544e-07,1.8147827527403848e-06,1.8186780783580048e-06,4.5393930303561092e-07,4.5442622020885892e-07
principal_4,principal,2.3315223476082891e-01,2.3315071606688775e-01,2.3315119290767683e-01,4.4685531457705591e-06,2.0451998685047434e-06,4.6631840788791123e-07,4.6628445637963978e-07,1.1657776677331810e-07,1.1657342613435873e-07
principal_5,principal,1.7340936643152088e-01,1.7340933064491360e-01,1.7341012947813539e-01,4.4002618209558818e-06,4.6066122215434803e-06,3.4692631400989882e-07,3.4671100856975556e-07,8.6718736524993290e-08,8.6691392953142099e-08
null_1,null,0.0000000000000000e+00,4.0975556281352965e-07,1.0667022820598504e-06,,6.5694671924632075e-07,9.5101704289390909e-13,6.8800520836020951e-13,5.2668980288217426e-13,5.4001247917767614e-13
null_2,null,0.0000000000000000e+00,6.0929039591428591e-07,7.3985262361020432e-07,,1.3056222769591841e-07,1.2395640069939873e-12,1.1975975766631564e-12,3.8857805861880479e-14,7.0099481774832384e-13
null_3,null,0.0000000000000000e+00,1.0958456364562608e-06,1.8240964294591322e-06,,7.2825079300287143e-07,2.2218893391823258e-12,2.1614932066427173e-12,8.5864648724509607e-13,9.6544994221403613e-13
null_4,null,0.0000000000000000e+00,6.9627636989366692e-07,1.9222401448359960e-06,,1.2259637749423291e-06,2.3516744107610066e-12,4.3343106881366111e-13,1.0704770403435759e-12,8.5176310449242010e-13
